fold,svm_name,svm_C,svm_gamma,xgb_weight,svm_weight,accuracy,balanced_accuracy,macro_f1,roc_auc,training_pairs,validation_pairs,training_deposits,validation_deposits
1,rbf_c1_scale,1.0,scale,0.0,1.0,0.6187150837988827,0.6187150837988826,0.6178363541767364,0.6698492209634185,7644,2148,317,81
1,rbf_c1_scale,1.0,scale,0.2,0.8,0.6252327746741154,0.6252327746741155,0.6243005091847721,0.6754340792526242,7644,2148,317,81
1,rbf_c1_scale,1.0,scale,0.4,0.6,0.6303538175046555,0.6303538175046555,0.6292726273615091,0.6781042691828872,7644,2148,317,81
1,rbf_c1_scale,1.0,scale,0.5,0.5,0.6289571694599627,0.6289571694599627,0.6281989664447458,0.6785871574267692,7644,2148,317,81
1,rbf_c1_scale,1.0,scale,0.6,0.4,0.6294227188081937,0.6294227188081937,0.6287710028477113,0.6787189330337171,7644,2148,317,81
1,rbf_c1_scale,1.0,scale,0.8,0.19999999999999996,0.6308193668528864,0.6308193668528864,0.6305592155561413,0.6774644639333631,7644,2148,317,81
1,rbf_c1_scale,1.0,scale,1.0,0.0,0.62756052141527,0.62756052141527,0.6274439236329421,0.6743824752313875,7644,2148,317,81
1,rbf_c3_scale,3.0,scale,0.0,1.0,0.6261638733705773,0.6261638733705772,0.6254312002552076,0.6751518887259033,7644,2148,317,81
1,rbf_c3_scale,3.0,scale,0.2,0.8,0.6317504655493482,0.6317504655493482,0.630997970461473,0.6793639399519367,7644,2148,317,81
1,rbf_c3_scale,3.0,scale,0.4,0.6,0.62756052141527,0.62756052141527,0.6269343661531515,0.6807241763157621,7644,2148,317,81
1,rbf_c3_scale,3.0,scale,0.5,0.5,0.6322160148975792,0.6322160148975791,0.6316792484773766,0.6808282096896684,7644,2148,317,81
1,rbf_c3_scale,3.0,scale,0.6,0.4,0.6322160148975792,0.6322160148975791,0.631705148818102,0.6805993362670745,7644,2148,317,81
1,rbf_c3_scale,3.0,scale,0.8,0.19999999999999996,0.6317504655493482,0.6317504655493482,0.6314909703718886,0.678379957623739,7644,2148,317,81
1,rbf_c3_scale,3.0,scale,1.0,0.0,0.62756052141527,0.62756052141527,0.6274439236329421,0.6743824752313875,7644,2148,317,81
1,rbf_c10_scale,10.0,scale,0.0,1.0,0.6266294227188082,0.6266294227188082,0.6259432323513063,0.6820727089250231,7644,2148,317,81
1,rbf_c10_scale,10.0,scale,0.2,0.8,0.6336126629422719,0.6336126629422718,0.6329245611806512,0.6842552424151002,7644,2148,317,81
1,rbf_c10_scale,10.0,scale,0.4,0.6,0.6345437616387337,0.6345437616387337,0.6339705892249058,0.6845474028068204,7644,2148,317,81
1,rbf_c10_scale,10.0,scale,0.5,0.5,0.6345437616387337,0.6345437616387337,0.6338866641928789,0.6839379406246856,7644,2148,317,81
1,rbf_c10_scale,10.0,scale,0.6,0.4,0.6345437616387337,0.6345437616387337,0.6340233405674377,0.6829322846769244,7644,2148,317,81
1,rbf_c10_scale,10.0,scale,0.8,0.19999999999999996,0.6336126629422719,0.6336126629422719,0.6333544800033836,0.679607551435834,7644,2148,317,81
1,rbf_c10_scale,10.0,scale,1.0,0.0,0.62756052141527,0.62756052141527,0.6274439236329421,0.6743824752313875,7644,2148,317,81
1,rbf_c3_gamma_0_01,3.0,0.01,0.0,1.0,0.6247672253258846,0.6247672253258845,0.6238855307567441,0.683526141852973,7644,2148,317,81
1,rbf_c3_gamma_0_01,3.0,0.01,0.2,0.8,0.62756052141527,0.62756052141527,0.6267836587537736,0.6864728871688706,7644,2148,317,81
1,rbf_c3_gamma_0_01,3.0,0.01,0.4,0.6,0.6345437616387337,0.6345437616387337,0.6337969744782002,0.6862925626540994,7644,2148,317,81
1,rbf_c3_gamma_0_01,3.0,0.01,0.5,0.5,0.638268156424581,0.638268156424581,0.6376177555132063,0.6850719044002649,7644,2148,317,81
1,rbf_c3_gamma_0_01,3.0,0.01,0.6,0.4,0.6368715083798883,0.6368715083798883,0.6363153288322081,0.6836657199629641,7644,2148,317,81
1,rbf_c3_gamma_0_01,3.0,0.01,0.8,0.19999999999999996,0.6317504655493482,0.6317504655493482,0.6314724267165941,0.6796968467484368,7644,2148,317,81
1,rbf_c3_gamma_0_01,3.0,0.01,1.0,0.0,0.62756052141527,0.62756052141527,0.6274439236329421,0.6743824752313875,7644,2148,317,81
2,rbf_c1_scale,1.0,scale,0.0,1.0,0.6569264069264069,0.6569264069264069,0.6544001132696584,0.7205432103971064,7944,1848,317,81
2,rbf_c1_scale,1.0,scale,0.2,0.8,0.66504329004329,0.66504329004329,0.6622183743126839,0.7298284327505106,7944,1848,317,81
2,rbf_c1_scale,1.0,scale,0.4,0.6,0.6677489177489178,0.6677489177489178,0.6645665715947952,0.7334874721238358,7944,1848,317,81
2,rbf_c1_scale,1.0,scale,0.5,0.5,0.6688311688311688,0.6688311688311688,0.6657299418931141,0.7333972845336483,7944,1848,317,81
2,rbf_c1_scale,1.0,scale,0.6,0.4,0.663961038961039,0.663961038961039,0.6609203366308375,0.7327554299956899,7944,1848,317,81
2,rbf_c1_scale,1.0,scale,0.8,0.19999999999999996,0.6601731601731602,0.6601731601731602,0.6574088396681022,0.7288961038961038,7944,1848,317,81
2,rbf_c1_scale,1.0,scale,1.0,0.0,0.6531385281385281,0.6531385281385281,0.6501429620749569,0.7228254249358146,7944,1848,317,81
2,rbf_c3_scale,3.0,scale,0.0,1.0,0.6645021645021645,0.6645021645021645,0.6620316565097606,0.7228675905623957,7944,1848,317,81
2,rbf_c3_scale,3.0,scale,0.2,0.8,0.66504329004329,0.6650432900432901,0.6622853878481288,0.7317528250969809,7944,1848,317,81
2,rbf_c3_scale,3.0,scale,0.4,0.6,0.6655844155844156,0.6655844155844155,0.6624527844606936,0.7352244616855006,7944,1848,317,81
2,rbf_c3_scale,3.0,scale,0.5,0.5,0.672077922077922,0.672077922077922,0.6688661671565178,0.734718474166526,7944,1848,317,81
2,rbf_c3_scale,3.0,scale,0.6,0.4,0.6672077922077922,0.6672077922077922,0.6640559161919244,0.7335589194355427,7944,1848,317,81
2,rbf_c3_scale,3.0,scale,0.8,0.19999999999999996,0.6628787878787878,0.6628787878787878,0.6600356174423297,0.729314246359701,7944,1848,317,81
2,rbf_c3_scale,3.0,scale,1.0,0.0,0.6531385281385281,0.6531385281385281,0.6501429620749569,0.7228254249358146,7944,1848,317,81
2,rbf_c10_scale,10.0,scale,0.0,1.0,0.6601731601731602,0.6601731601731602,0.6587341915085818,0.713598765952662,7944,1848,317,81
2,rbf_c10_scale,10.0,scale,0.2,0.8,0.663961038961039,0.663961038961039,0.6624657534246576,0.7247357620734244,7944,1848,317,81
2,rbf_c10_scale,10.0,scale,0.4,0.6,0.6655844155844156,0.6655844155844155,0.6634839889822228,0.7306483199340342,7944,1848,317,81
2,rbf_c10_scale,10.0,scale,0.5,0.5,0.670995670995671,0.670995670995671,0.6685107909593851,0.7315478533011001,7944,1848,317,81
2,rbf_c10_scale,10.0,scale,0.6,0.4,0.6655844155844156,0.6655844155844155,0.6629297847121546,0.7313171136223084,7944,1848,317,81
2,rbf_c10_scale,10.0,scale,0.8,0.19999999999999996,0.6612554112554112,0.6612554112554112,0.6584998943188407,0.7286313974625664,7944,1848,317,81
2,rbf_c10_scale,10.0,scale,1.0,0.0,0.6531385281385281,0.6531385281385281,0.6501429620749569,0.7228254249358146,7944,1848,317,81
2,rbf_c3_gamma_0_01,3.0,0.01,0.0,1.0,0.6688311688311688,0.6688311688311688,0.6663925383612477,0.7277459193043609,7944,1848,317,81
2,rbf_c3_gamma_0_01,3.0,0.01,0.2,0.8,0.6726190476190477,0.6726190476190477,0.669518421619698,0.7363605910683834,7944,1848,317,81
2,rbf_c3_gamma_0_01,3.0,0.01,0.4,0.6,0.6715367965367965,0.6715367965367965,0.6682117283700482,0.7390158542755947,7944,1848,317,81
2,rbf_c3_gamma_0_01,3.0,0.01,0.5,0.5,0.6699134199134199,0.6699134199134199,0.6667518056560668,0.7382545304623226,7944,1848,317,81
2,rbf_c3_gamma_0_01,3.0,0.01,0.6,0.4,0.6672077922077922,0.6672077922077921,0.6641266041625107,0.736316082906992,7944,1848,317,81
2,rbf_c3_gamma_0_01,3.0,0.01,0.8,0.19999999999999996,0.6590909090909091,0.6590909090909092,0.6561813759596291,0.7306494912014392,7944,1848,317,81
2,rbf_c3_gamma_0_01,3.0,0.01,1.0,0.0,0.6531385281385281,0.6531385281385281,0.6501429620749569,0.7228254249358146,7944,1848,317,81
3,rbf_c1_scale,1.0,scale,0.0,1.0,0.6881028938906752,0.6881134546457127,0.6881025355892326,0.7457299421009098,7920,1866,324,74
3,rbf_c1_scale,1.0,scale,0.2,0.8,0.6827438370846731,0.6827233250620348,0.6827205100956428,0.7570340501792114,7920,1866,324,74
3,rbf_c1_scale,1.0,scale,0.4,0.6,0.6843515541264737,0.6843534601599117,0.6843507382507545,0.7606837606837606,7920,1866,324,74
3,rbf_c1_scale,1.0,scale,0.5,0.5,0.6881028938906752,0.6881169010201269,0.6881014606799658,0.7612581564194468,7920,1866,324,74
3,rbf_c1_scale,1.0,scale,0.6,0.4,0.6902465166130761,0.6902812241521918,0.6902237412758137,0.7609663633857182,7920,1866,324,74
3,rbf_c1_scale,1.0,scale,0.8,0.19999999999999996,0.6907824222936764,0.6908085194375517,0.6907716764292391,0.7585320742578807,7920,1866,324,74
3,rbf_c1_scale,1.0,scale,1.0,0.0,0.6897106109324759,0.6897539288668322,0.6896713068879496,0.7543240510982446,7920,1866,324,74
3,rbf_c3_scale,3.0,scale,0.0,1.0,0.6757770632368703,0.6757444168734492,0.6757277978254319,0.7491866556382685,7920,1866,324,74
3,rbf_c3_scale,3.0,scale,0.2,0.8,0.6795284030010718,0.6795044113592501,0.6794985799762869,0.7583023159636063,7920,1866,324,74
3,rbf_c3_scale,3.0,scale,0.4,0.6,0.6838156484458735,0.6838261648745521,0.6838152852193252,0.7615579909934749,7920,1866,324,74
3,rbf_c3_scale,3.0,scale,0.5,0.5,0.6902465166130761,0.6902639922801213,0.6902433140336366,0.7617728149986215,7920,1866,324,74
3,rbf_c3_scale,3.0,scale,0.6,0.4,0.6907824222936764,0.6907981803143093,0.6907802021349647,0.7613500597371565,7920,1866,324,74
3,rbf_c3_scale,3.0,scale,0.8,0.19999999999999996,0.6897106109324759,0.6897573752412463,0.6896634627122729,0.7586400606561896,7920,1866,324,74
3,rbf_c3_scale,3.0,scale,1.0,0.0,0.6897106109324759,0.6897539288668322,0.6896713068879496,0.7543240510982446,7920,1866,324,74
3,rbf_c10_scale,10.0,scale,0.0,1.0,0.6709539121114684,0.6709332781913427,0.6709297182410892,0.7475559461446559,7920,1866,324,74
3,rbf_c10_scale,10.0,scale,0.2,0.8,0.6816720257234726,0.6816446098704163,0.6816354526539283,0.757863477621542,7920,1866,324,74
3,rbf_c10_scale,10.0,scale,0.4,0.6,0.6832797427652733,0.6832850840915357,0.683279651804805,0.7621381306865178,7920,1866,324,74
3,rbf_c10_scale,10.0,scale,0.5,0.5,0.6881028938906752,0.6881272401433691,0.6880939361076392,0.7628021321569709,7920,1866,324,74
3,rbf_c10_scale,10.0,scale,0.6,0.4,0.6918542336548767,0.6919010201268265,0.6918074111564023,0.762373632938149,7920,1866,324,74
3,rbf_c10_scale,10.0,scale,0.8,0.19999999999999996,0.6934619506966774,0.6935070306038048,0.693419335269679,0.7591742486903778,7920,1866,324,74
3,rbf_c10_scale,10.0,scale,1.0,0.0,0.6897106109324759,0.6897539288668322,0.6896713068879496,0.7543240510982446,7920,1866,324,74
3,rbf_c3_gamma_0_01,3.0,0.01,0.0,1.0,0.6795284030010718,0.6795250896057348,0.6795250896057348,0.7466891829795056,7920,1866,324,74
3,rbf_c3_gamma_0_01,3.0,0.01,0.2,0.8,0.6795284030010718,0.6794871794871795,0.6794562291090471,0.7574533590662624,7920,1866,324,74
3,rbf_c3_gamma_0_01,3.0,0.01,0.4,0.6,0.6886387995712755,0.6886338571822443,0.6886344178635444,0.7620370370370371,7920,1866,324,74
3,rbf_c3_gamma_0_01,3.0,0.01,0.5,0.5,0.6913183279742765,0.6913254755996692,0.6913183279742765,0.7626263670618509,7920,1866,324,74
3,rbf_c3_gamma_0_01,3.0,0.01,0.6,0.4,0.6902465166130761,0.6902777777777778,0.6902290795459767,0.7623403179854793,7920,1866,324,74
3,rbf_c3_gamma_0_01,3.0,0.01,0.8,0.19999999999999996,0.6918542336548767,0.6918872346291701,0.6918343203423813,0.7595499035015164,7920,1866,324,74
3,rbf_c3_gamma_0_01,3.0,0.01,1.0,0.0,0.6897106109324759,0.6897539288668322,0.6896713068879496,0.7543240510982446,7920,1866,324,74
4,rbf_c1_scale,1.0,scale,0.0,1.0,0.6501457725947521,0.6501597987216102,0.6501427988576092,0.7078875591217493,7728,2058,317,81
4,rbf_c1_scale,1.0,scale,0.2,0.8,0.6598639455782312,0.6598695543768983,0.6598639455782312,0.7110514226997294,7728,2058,317,81
4,rbf_c1_scale,1.0,scale,0.4,0.6,0.6642371234207969,0.6642413527358448,0.6642370441447404,0.7110693670006195,7728,2058,317,81
4,rbf_c1_scale,1.0,scale,0.5,0.5,0.6661807580174927,0.6661708372999682,0.6661712208720965,0.7106830923130392,7728,2058,317,81
4,rbf_c1_scale,1.0,scale,0.6,0.4,0.6671525753158406,0.6671228296840293,0.6671034507675679,0.7097603774725358,7728,2058,317,81
4,rbf_c1_scale,1.0,scale,0.8,0.19999999999999996,0.6608357628765792,0.6607648805476223,0.6606020912720014,0.7063528491772066,7728,2058,317,81
4,rbf_c1_scale,1.0,scale,1.0,0.0,0.6467444120505345,0.6466634933587199,0.6464337847025374,0.7006805612221769,7728,2058,317,81
4,rbf_c3_scale,3.0,scale,0.0,1.0,0.6632653061224489,0.6632553606237817,0.6632556856832064,0.7119259712588966,7728,2058,317,81
4,rbf_c3_scale,3.0,scale,0.2,0.8,0.6632653061224489,0.6632468606917812,0.6632423274676362,0.714528839324841,7728,2058,317,81
4,rbf_c3_scale,3.0,scale,0.4,0.6,0.6715257531584062,0.6715002946643094,0.6714882121807466,0.7142823412968251,7728,2058,317,81
4,rbf_c3_scale,3.0,scale,0.5,0.5,0.6652089407191448,0.6651763452559046,0.6651513058386378,0.7132878492527615,7728,2058,317,81
4,rbf_c3_scale,3.0,scale,0.6,0.4,0.6686103012633625,0.6685564848814542,0.6684722222222221,0.7120241926953474,7728,2058,317,81
4,rbf_c3_scale,3.0,scale,0.8,0.19999999999999996,0.6622934888241011,0.6622183689197153,0.6620342311113947,0.7075248953563927,7728,2058,317,81
4,rbf_c3_scale,3.0,scale,1.0,0.0,0.6467444120505345,0.6466634933587199,0.6464337847025374,0.7006805612221769,7728,2058,317,81
4,rbf_c10_scale,10.0,scale,0.0,1.0,0.6705539358600583,0.6705086359309125,0.6704530961713415,0.7149330583133113,7728,2058,317,81
4,rbf_c10_scale,10.0,scale,0.2,0.8,0.6715257531584062,0.6714776281789745,0.6714137253419998,0.7172752617979057,7728,2058,317,81
4,rbf_c10_scale,10.0,scale,0.4,0.6,0.673955296404276,0.6739171086631307,0.6738813003863827,0.7170731523036704,7728,2058,317,81
4,rbf_c10_scale,10.0,scale,0.5,0.5,0.673955296404276,0.6739001087991296,0.6738128954308653,0.7157093854360277,7728,2058,317,81
4,rbf_c10_scale,10.0,scale,0.6,0.4,0.673469387755102,0.6734099460537649,0.6733061705810763,0.7138649001919095,7728,2058,317,81
4,rbf_c10_scale,10.0,scale,0.8,0.19999999999999996,0.6622934888241011,0.662207035677048,0.6619562722945287,0.7082728893724406,7728,2058,317,81
4,rbf_c10_scale,10.0,scale,1.0,0.0,0.6467444120505345,0.6466634933587199,0.6464337847025374,0.7006805612221769,7728,2058,317,81
4,rbf_c3_gamma_0_01,3.0,0.01,0.0,1.0,0.6559766763848397,0.6559822521419829,0.6559766763848397,0.707091398824365,7728,2058,317,81
4,rbf_c3_gamma_0_01,3.0,0.01,0.2,0.8,0.6569484936831875,0.6569427444580442,0.6569433098009587,0.7121403584326882,7728,2058,317,81
4,rbf_c3_gamma_0_01,3.0,0.01,0.4,0.6,0.6627793974732751,0.6627680311890838,0.6627679317721393,0.7125275775571573,7728,2058,317,81
4,rbf_c3_gamma_0_01,3.0,0.01,0.5,0.5,0.6686103012633625,0.668598984541457,0.6685990338164252,0.7117984722788884,7728,2058,317,81
4,rbf_c3_gamma_0_01,3.0,0.01,0.6,0.4,0.6676384839650146,0.6676158257400607,0.6676070918194346,0.7107161476041525,7728,2058,317,81
4,rbf_c3_gamma_0_01,3.0,0.01,0.8,0.19999999999999996,0.6603498542274052,0.6602832177342581,0.660141141849898,0.7066503467972256,7728,2058,317,81
4,rbf_c3_gamma_0_01,3.0,0.01,1.0,0.0,0.6467444120505345,0.6466634933587199,0.6464337847025374,0.7006805612221769,7728,2058,317,81
5,rbf_c1_scale,1.0,scale,0.0,1.0,0.6867535287730727,0.6872382569326543,0.686176283091354,0.743620307489153,7932,1842,317,81
5,rbf_c1_scale,1.0,scale,0.2,0.8,0.6867535287730727,0.6871533672891907,0.6863866721550194,0.7449561403508773,7932,1842,317,81
5,rbf_c1_scale,1.0,scale,0.4,0.6,0.6905537459283387,0.6909168081494058,0.6902674707979284,0.7431534144501036,7932,1842,317,81
5,rbf_c1_scale,1.0,scale,0.5,0.5,0.6878393051031487,0.6881331352574986,0.6876690999862876,0.742022731560083,7932,1842,317,81
5,rbf_c1_scale,1.0,scale,0.6,0.4,0.6851248642779587,0.6853706847764572,0.6850175481631036,0.7403945010375401,7932,1842,317,81
5,rbf_c1_scale,1.0,scale,0.8,0.19999999999999996,0.6851248642779587,0.685232739105829,0.6851189248135813,0.7356501131861913,7932,1842,317,81
5,rbf_c1_scale,1.0,scale,1.0,0.0,0.6780673181324647,0.6780737125070742,0.6780558369485414,0.7292244387851349,7932,1842,317,81
5,rbf_c3_scale,3.0,scale,0.0,1.0,0.6867535287730727,0.6872170345217883,0.6862333530833495,0.7430555555555556,7932,1842,317,81
5,rbf_c3_scale,3.0,scale,0.2,0.8,0.6970684039087948,0.697463921901528,0.696724813520914,0.744288813431428,7932,1842,317,81
5,rbf_c3_scale,3.0,scale,0.4,0.6,0.6910966340933767,0.691443831352575,0.6908406842754977,0.7431121486511979,7932,1842,317,81
5,rbf_c3_scale,3.0,scale,0.5,0.5,0.6878393051031487,0.6881225240520656,0.6876845724759626,0.7420816827013771,7932,1842,317,81
5,rbf_c3_scale,3.0,scale,0.6,0.4,0.6883821932681867,0.688638936049802,0.6882631200931223,0.7404569892473118,7932,1842,317,81
5,rbf_c3_scale,3.0,scale,0.8,0.19999999999999996,0.6862106406080347,0.6863292303338993,0.6862013920982392,0.7358422939068101,7932,1842,317,81
5,rbf_c3_scale,3.0,scale,1.0,0.0,0.6780673181324647,0.6780737125070742,0.6780558369485414,0.7292244387851349,7932,1842,317,81
5,rbf_c10_scale,10.0,scale,0.0,1.0,0.6883821932681867,0.6888723825693266,0.6877932913714313,0.7439138841727977,7932,1842,317,81
5,rbf_c10_scale,10.0,scale,0.2,0.8,0.6981541802388708,0.6985391907187324,0.6978335758567094,0.7459087907941897,7932,1842,317,81
5,rbf_c10_scale,10.0,scale,0.4,0.6,0.6932681867535287,0.6936262026032824,0.6929944757118048,0.7449113374834937,7932,1842,317,81
5,rbf_c10_scale,10.0,scale,0.5,0.5,0.6910966340933767,0.6913695529145445,0.6909580965978199,0.7436356347858895,7932,1842,317,81
5,rbf_c10_scale,10.0,scale,0.6,0.4,0.6883821932681867,0.688628324844369,0.6882759873200369,0.7418482361818525,7932,1842,317,81
5,rbf_c10_scale,10.0,scale,0.8,0.19999999999999996,0.6851248642779587,0.6852645727221279,0.6851066739606126,0.7364035087719298,7932,1842,317,81
5,rbf_c10_scale,10.0,scale,1.0,0.0,0.6780673181324647,0.6780737125070742,0.6780558369485414,0.7292244387851349,7932,1842,317,81
5,rbf_c3_gamma_0_01,3.0,0.01,0.0,1.0,0.6840390879478827,0.6843909168081495,0.6837673094894232,0.7454242124127524,7932,1842,317,81
5,rbf_c3_gamma_0_01,3.0,0.01,0.2,0.8,0.6829533116178067,0.6832519807583475,0.6827723038559399,0.7468614412375023,7932,1842,317,81
5,rbf_c3_gamma_0_01,3.0,0.01,0.4,0.6,0.6883821932681867,0.6886177136389361,0.6882881183039795,0.7456317204301075,7932,1842,317,81
5,rbf_c3_gamma_0_01,3.0,0.01,0.5,0.5,0.6889250814332247,0.6891235144312393,0.6888677694063006,0.7441390775325409,7932,1842,317,81
5,rbf_c3_gamma_0_01,3.0,0.01,0.6,0.4,0.6872964169381107,0.687489388794567,0.6872433224029797,0.7422054800980946,7932,1842,317,81
5,rbf_c3_gamma_0_01,3.0,0.01,0.8,0.19999999999999996,0.6867535287730727,0.6868350311262026,0.6867526978695562,0.7364259102056216,7932,1842,317,81
5,rbf_c3_gamma_0_01,3.0,0.01,1.0,0.0,0.6780673181324647,0.6780737125070742,0.6780558369485414,0.7292244387851349,7932,1842,317,81
